total_loans,total_loan_amount,total_funded_amount,defaulted_funded_amount,default_rate,avg_interest_rate,avg_fico,avg_dti,avg_annual_income
1345310,19399332550.0,19388011250.0,4177988425.0,0.19962610848057338,13.239618987445272,698.18510826501188,18.282666915005578,76247.636413726214